account ID,event ID,行程名稱,品項名稱,消費類型,付款方式,支付幣別,支付金額,付款人,匯率,回饋,第幾天,insert date,update date
acc00001,,,回程長榮機票,交通,刷卡,JPY,-59920,油,0.2,0,,2026-04-13 12:51:58,2026-04-13 12:51:58
acc00003,,,去程樂桃機票,交通,刷卡,TWD,-9580,油,1,0,,2026-04-13 12:53:02,2026-04-13 12:53:02
acc00004,,,富邦旅平險,雜項,刷卡,TWD,-1094,油,1,0,,2026-04-13 12:57:09,2026-04-13 12:57:09
acc00007,,,平井家六天住宿費,住宿,刷卡,TWD,-18056,油,1,0,,2026-04-13 13:00:08,2026-04-13 13:00:08
acc00006,ev00030,東京站丸之內北口2號,富士山六景一日遊,景點,刷卡,TWD,-3003,油,1,0,3,2026-04-13 14:11:49,2026-04-13 14:11:49
acc00005,,,威訊Esim吃到飽,雜項,刷卡,TWD,-607,油,1,0,,2026-04-13 20:40:03,2026-04-13 20:40:03
acc00008,ev00023,今天的主題是,Skyliner車票,交通,刷卡,JPY,-4620,油,0.2,0,1,2026-04-15 7:38:58,2026-04-15 7:38:58
acc00009,ev00023,今天的主題是,[回饋] (acc00008) Skyliner車票,雜項,系統回饋,TWD,13.86,系統,1,0,1,2026-04-15 7:38:58,2026-04-15 7:38:58
acc00010,,,礦泉水,飲食,現金,TWD,-14,油,1,0,1,2026-04-15 22:30:02,2026-04-15 22:30:02
acc00013,,,富邦旅平保險,雜項,刷卡,TWD,-1077,瓜,1,0,1,2026-04-15 22:41:30,2026-04-15 22:41:30
acc00015,ev00020,成田國際機場,櫻花卡儲值,交通,現金,JPY,-3000,瓜,0.2,0,1,2026-04-16 6:30:12,2026-04-16 6:30:12
acc00016,ev00020,成田國際機場,全家早餐（咖哩起司麵包+布丁）,飲食,現金,JPY,-397,瓜,0.2,0,1,2026-04-16 7:07:53,2026-04-16 7:07:53
acc00014,,,日本sim卡,雜項,現金,TWD,-224,瓜,1,0,1,2026-04-16 7:09:01,2026-04-16 7:09:01
acc00017,ev00036,Ueno Station,行李箱寄放置物櫃,雜項,現金,JPY,-1000,瓜,0.2,0,1,2026-04-16 14:38:59,2026-04-16 14:38:59
acc00019,,,7-11晚餐加隔天早餐,飲食,刷卡,JPY,-1253,油,0.2025,0,1,2026-04-16 21:15:49,2026-04-16 21:15:49
acc00020,,,[回饋] (acc00019) 7-11晚餐加隔天早餐,雜項,系統回饋,TWD,3.8059875,系統,1,0,1,2026-04-16 21:15:49,2026-04-16 21:15:49
acc00021,ev00039,OS Drug 上野店藥妝店,OS藥妝血拼,購物,現金,JPY,-19790,瓜,0.2,0,1,2026-04-17 6:01:05,2026-04-17 6:01:05
acc00024,ev00041,二木菓子 第一營業所,二木果子零食買爆,購物,刷卡,JPY,-3562,油,0.2,0,1,2026-04-17 6:14:11,2026-04-17 6:14:11
acc00025,ev00041,二木菓子 第一營業所,[回饋] (acc00024) 二木果子零食買爆,雜項,系統回饋,TWD,10.686,系統,1,0,1,2026-04-17 6:14:11,2026-04-17 6:14:11
acc00028,,,猩猩之握,購物,現金,JPY,-5478,瓜,0.2,0,1,2026-04-17 6:23:19,2026-04-17 6:23:19
acc00029,,,唐吉訶德誤被免稅束縛,購物,刷卡,JPY,-6976,油,0.2,0,1,2026-04-17 6:30:05,2026-04-17 6:30:05
acc00030,,,[回饋] (acc00029) 唐吉訶德誤被免稅束縛,雜項,系統回饋,TWD,20.928,系統,1,0,1,2026-04-17 6:30:05,2026-04-17 6:30:05
acc00031,ev00043,UNIQLO 御徒町店,先買一點uniqulo,購物,刷卡,JPY,-11810,油,0.2,0,1,2026-04-17 6:31:06,2026-04-17 6:31:06
acc00032,ev00043,UNIQLO 御徒町店,[回饋] (acc00031) 先買一點uniqulo,雜項,系統回饋,TWD,35.43,系統,1,0,1,2026-04-17 6:31:06,2026-04-17 6:31:06
acc00034,,,扭蛋猩猩翹屁股,雜項,現金,JPY,-400,瓜,0.2,0,,2026-04-17 10:21:29,2026-04-17 10:21:29
acc00051,ev00035,新倉山淺間公園,富士山扭蛋,伴手禮,現金,JPY,-1000,瓜,0.2,0,3,2026-04-18 14:50:40,2026-04-18 14:50:40
acc00043,ev00032,忍野八海,艾草糰子,飲食,現金,JPY,-150,瓜,0.2,0,3,2026-04-18 14:51:46,2026-04-18 14:51:46
acc00048,ev00034,羅森便利商店 富士河口湖町公所前店,富士山羅森午餐,飲食,現金,JPY,-313,瓜,0.2,0,3,2026-04-18 14:52:55,2026-04-18 14:52:55
acc00049,ev00034,羅森便利商店 富士河口湖町公所前店,富士山羅森泡澡浴,雜項,現金,JPY,-600,瓜,0.2,0,3,2026-04-18 14:53:22,2026-04-18 14:53:22
acc00050,ev00035,新倉山淺間公園,草莓,飲食,現金,JPY,-600,瓜,0.2,0,3,2026-04-18 14:54:11,2026-04-18 14:54:11
acc00036,ev00060,淺草神社,淺草神社御守,購物,現金,JPY,-1600,瓜,0.2,0,2,2026-04-18 15:04:10,2026-04-18 15:04:10
acc00037,ev00061,仲見世商店街,明信片part1,伴手禮,現金,JPY,-800,瓜,0.2,0,2,2026-04-18 15:04:34,2026-04-18 15:04:34
acc00038,ev00059,淺草寺,淺草寺御朱印帳+御朱印,伴手禮,現金,JPY,-4000,瓜,0.2,0,2,2026-04-18 15:04:56,2026-04-18 15:04:56
acc00039,ev00060,淺草神社,淺草神社御朱印+御朱印帳,伴手禮,現金,JPY,-2000,瓜,0.2,0,2,2026-04-18 15:05:18,2026-04-18 15:05:18
acc00041,ev00062,一蘭 淺草店,午餐一蘭拉麵,飲食,現金,JPY,-1530,瓜,0.2,0,2,2026-04-18 15:06:12,2026-04-18 15:06:12
acc00046,ev00059,淺草寺,淺草寺抽籤,雜項,現金,JPY,-200,瓜,0.2,0,2,2026-04-18 15:06:43,2026-04-18 15:06:43
acc00047,ev00059,淺草寺,淺草寺跟淺草神社拜拜丟錢幣,雜項,現金,JPY,-50,瓜,0.2,0,2,2026-04-18 15:07:26,2026-04-18 15:07:26
acc00033,ev00069,鳴門鯛燒本舖 淺草新仲見世通店,鯛魚燒,飲食,現金,JPY,-400,瓜,0.2,0,2,2026-04-18 15:09:59,2026-04-18 15:09:59
acc00053,ev00068,Lawson Hirai Ekimae Shop,羅森超商,飲食,刷卡,JPY,-1676,油,0.2025,0,2,2026-04-18 21:20:46,2026-04-18 21:20:46
acc00054,ev00068,Lawson Hirai Ekimae Shop,[回饋] (acc00053) 羅森超商,雜項,系統回饋,TWD,5.09085,系統,1,0,2,2026-04-18 21:20:46,2026-04-18 21:20:46
acc00055,ev00066,東京鐵塔,置物櫃寄放行李,雜項,現金,JPY,-500,瓜,0.2025,0,2,2026-04-18 21:21:28,2026-04-18 21:21:28
acc00058,ev00067,ワイズマート平井店,Y's mart晚餐,飲食,刷卡,JPY,-3210,油,0.2025,0,2,2026-04-18 21:26:30,2026-04-18 21:26:30
acc00059,ev00067,ワイズマート平井店,[回饋] (acc00058) Y's mart晚餐,雜項,系統回饋,TWD,9.750375,系統,1,0,2,2026-04-18 21:26:30,2026-04-18 21:26:30
acc00060,ev00055,淺草,淺草os drug第二波購物,伴手禮,現金,JPY,-6520,瓜,0.2025,0,2,2026-04-18 21:31:33,2026-04-18 21:31:33
acc00061,,,羅森泡麵,伴手禮,現金,JPY,-642,瓜,0.2025,0,3,2026-04-18 21:33:04,2026-04-18 21:33:04
acc00062,ev00046,黑毛和牛壽喜燒 日本橋一里,黑毛和牛壽喜燒晚餐,飲食,現金,JPY,-3780,瓜,0.2025,0,3,2026-04-18 21:33:55,2026-04-18 21:33:55
acc00063,ev00061,仲見世商店街,明信片part 2,其他,現金,JPY,-750,瓜,0.2025,0,2,2026-04-18 21:37:02,2026-04-18 21:37:02
acc00035,,,猩猩與狗狗大便,雜項,現金,JPY,-1100,瓜,0.2025,0,,2026-04-19 5:28:54,2026-04-19 5:28:54
acc00042,,,醬油糰子,飲食,現金,JPY,-100,瓜,0.2025,0,3,2026-04-19 5:29:22,2026-04-19 5:29:22
acc00040,ev00062,一蘭 淺草店,午餐一蘭拉麵,飲食,現金,JPY,-1690,瓜,0.2025,0,2,2026-04-19 5:29:56,2026-04-19 5:29:56
acc00056,ev00065,Fashion Center Shimamura Asakusa ROX · 3G shop,淺草Honeys衣服,購物,現金,JPY,-4460,瓜,0.2025,0,2,2026-04-19 5:31:32,2026-04-19 5:31:32
acc00044,ev00032,忍野八海,忍野八海印章,雜項,現金,JPY,-200,瓜,0.2025,0,3,2026-04-19 5:32:42,2026-04-19 5:32:42
acc00064,ev00076,川越冰川神社,冰川神社抽籤拜拜御朱印御守,雜項,現金,JPY,-4240,瓜,0.2025,0,4,2026-04-19 11:58:29,2026-04-19 11:58:29
acc00066,,,油瘋狂扭蛋,雜項,現金,JPY,-700,瓜,0.2025,0,4,2026-04-19 12:00:44,2026-04-19 12:00:44
acc00067,ev00052,Chiikawa Mogumogu Hompo Kawagoe,油購買福袋（吉伊卡哇）,購物,現金,JPY,-6127,瓜,0.2025,0,4,2026-04-19 12:03:32,2026-04-19 12:03:32
acc00068,ev00075,鰻魚飯老店 小川菊,小川菊鰻魚飯好好吃！！！,飲食,現金,JPY,-10700,瓜,0.2025,0,4,2026-04-19 12:51:09,2026-04-19 12:51:09
acc00069,ev00077,銀時,巴菲,飲食,現金,JPY,-3960,瓜,0.2025,0,4,2026-04-19 15:09:18,2026-04-19 15:09:18
acc00070,ev00074,川越 熊野神社,熊野神社,雜項,現金,JPY,-1780,瓜,0.2025,0,4,2026-04-19 15:14:28,2026-04-19 15:14:28
acc00071,ev00051,時之鐘,時之鐘.藥師神社,雜項,現金,JPY,-40,瓜,0.2025,0,4,2026-04-19 15:59:56,2026-04-19 15:59:56
acc00072,ev00053,番薯甜點 菓匠右門,菓匠右門,飲食,現金,JPY,-220,瓜,0.2025,0,4,2026-04-19 16:00:49,2026-04-19 16:00:49
acc00073,ev00054,龜屋榮泉,龜屋榮泉,購物,現金,JPY,-2840,瓜,0.2025,0,4,2026-04-19 21:16:06,2026-04-19 21:16:06
acc00074,ev00082,Seria SEIYU Hirai Shop,Seria百元店,購物,現金,JPY,-1760,瓜,0.2025,0,4,2026-04-19 21:19:34,2026-04-19 21:19:34
acc00075,ev00083,ワイズマート平井店,Y's mart 生魚片盛宴,飲食,現金,JPY,-4335,瓜,0.2025,0,4,2026-04-19 21:30:01,2026-04-19 21:30:01
acc00076,,,購買西瓜卡儲值,交通,現金,JPY,-1000,瓜,0.2025,0,5,2026-04-20 7:01:47,2026-04-20 7:01:47
acc00100,ev00065,Fashion Center Shimamura Asakusa ROX · 3G shop,思夢樂荷包失血,購物,刷卡,JPY,-15160,油,0.2025,0,2,2026-04-22 10:30:48,2026-04-22 10:30:48
acc00101,ev00065,Fashion Center Shimamura Asakusa ROX · 3G shop,[回饋] (acc00100) 思夢樂荷包失血,雜項,系統回饋,TWD,46.0485,系統,1,0,2,2026-04-22 10:30:48,2026-04-22 10:30:48
acc00018,ev00094,餃子的王將 平井站南口店,餃子王將午餐,飲食,現金,JPY,-946,瓜,0.2025,0,1,2026-04-22 17:22:21,2026-04-22 17:22:21
acc00022,ev00095,SEIYU Hirai,西友超市有夠多人,飲食,街口,JPY,-2833,油,0.2025,0,1,2026-04-22 17:23:37,2026-04-22 17:23:37
acc00102,ev00095,SEIYU Hirai,[回饋] (acc00022) 西友超市有夠多人,雜項,系統回饋,TWD,5.736825,系統,1,0,1,2026-04-22 17:23:37,2026-04-22 17:23:37
acc00026,ev00096,ワイズマート平井店,Y’smart 超市,飲食,街口,JPY,-1440,油,0.2025,0,1,2026-04-22 17:24:08,2026-04-22 17:24:08
acc00103,ev00096,ワイズマート平井店,[回饋] (acc00026) Y’smart 超市,雜項,系統回饋,TWD,2.916,系統,1,0,1,2026-04-22 17:24:08,2026-04-22 17:24:08
acc00105,,,櫻花卡儲值,交通,現金,JPY,-1000,瓜,0.2025,0,4,2026-04-23 10:07:38,2026-04-23 10:07:38
acc00106,ev00032,忍野八海,忍野八海小章魚,飲食,現金,JPY,-1000,瓜,0.2025,0,3,2026-04-23 14:07:20,2026-04-23 14:07:20
acc00090,ev00111,Tobu Hotel Levant Tokyo,Go 計程車,交通,刷卡,JPY,-3980,油,0.2025,0,6,2026-04-26 8:32:34,2026-04-26 8:32:34
acc00107,ev00111,Tobu Hotel Levant Tokyo,[回饋] (acc00090) Go 計程車,雜項,系統回饋,TWD,12.08925,系統,1,0,6,2026-04-26 8:32:34,2026-04-26 8:32:34
acc00108,ev00112,東京國際機場(羽田機場),機場利木津巴士,交通,刷卡,JPY,-2400,油,0.2025,0,6,2026-04-26 8:33:29,2026-04-26 8:33:29
acc00109,ev00112,東京國際機場(羽田機場),[回饋] (acc00108) 機場利木津巴士,雜項,系統回饋,TWD,7.29,系統,1,0,6,2026-04-26 8:33:29,2026-04-26 8:33:29
acc00092,ev00111,Tobu Hotel Levant Tokyo,7-11早餐,飲食,刷卡,JPY,-213,油,0.2025,0,6,2026-04-26 8:34:15,2026-04-26 8:34:15
acc00110,ev00111,Tobu Hotel Levant Tokyo,[回饋] (acc00092) 7-11早餐,雜項,系統回饋,TWD,0.6469875,系統,1,0,6,2026-04-26 8:34:15,2026-04-26 8:34:15
acc00094,ev00111,Tobu Hotel Levant Tokyo,7-11早餐,飲食,現金,JPY,-138,瓜,0.2025,0,6,2026-04-26 8:35:04,2026-04-26 8:35:04
acc00095,ev00112,東京國際機場(羽田機場),機場書店集章冊（油）,購物,刷卡,JPY,-740,油,0.2025,0,6,2026-04-26 8:35:34,2026-04-26 8:35:34
acc00111,ev00112,東京國際機場(羽田機場),[回饋] (acc00095) 機場書店集章冊（油）,雜項,系統回饋,TWD,2.24775,系統,1,0,6,2026-04-26 8:35:34,2026-04-26 8:35:34
acc00097,ev00112,東京國際機場(羽田機場),免稅店伴手禮,購物,刷卡,JPY,-1814,油,0.2025,0,6,2026-04-26 8:36:29,2026-04-26 8:36:29
acc00112,ev00112,東京國際機場(羽田機場),[回饋] (acc00097) 免稅店伴手禮,雜項,系統回饋,TWD,5.510025,系統,1,0,6,2026-04-26 8:36:29,2026-04-26 8:36:29
acc00099,ev00112,東京國際機場(羽田機場),機場販賣機飲料,購物,現金,JPY,-800,瓜,0.2025,0,6,2026-04-26 8:36:52,2026-04-26 8:36:52
acc00077,ev00086,明治神宮,羅森早餐,飲食,現金,JPY,-1416,瓜,0.2025,0,5,2026-04-26 8:37:44,2026-04-26 8:37:44
acc00079,ev00091,唐吉訶德 新宿東南口店,唐吉訶德猩猩之握,購物,現金,JPY,-12260,瓜,0.2025,0,5,2026-04-26 8:38:14,2026-04-26 8:38:14
acc00078,ev00086,明治神宮,明治神宮,景點,現金,JPY,-4725,瓜,0.2025,0,5,2026-04-26 8:38:39,2026-04-26 8:38:39
acc00080,ev00093,OS Drug Shinjuku,Os drug最後購物,購物,現金,JPY,-7709,瓜,0.2025,0,5,2026-04-26 8:39:02,2026-04-26 8:39:02
acc00081,ev00087,利久牛舌 LUMINE EST新宿店,利久牛舌午餐,飲食,現金,JPY,-8800,瓜,0.2025,0,5,2026-04-26 8:39:27,2026-04-26 8:39:27
acc00082,ev00088,世界堂 新宿本店,世界堂文具店,購物,現金,JPY,-3038,瓜,0.2025,0,5,2026-04-26 8:39:54,2026-04-26 8:39:54
acc00083,ev00090,UNIQLO Shinjuku South-East Entrance Flags Store,Uniqlo 內衣,購物,現金,JPY,-7470,瓜,0.2025,0,5,2026-04-26 8:40:28,2026-04-26 8:40:28
acc00085,ev00107,平井親和会 商店街振興組合,扭蛋,雜項,現金,JPY,-500,瓜,0.2025,0,5,2026-04-26 8:41:03,2026-04-26 8:41:03
acc00084,ev00107,平井親和会 商店街振興組合,全家郵票,雜項,現金,JPY,-440,瓜,0.2025,0,5,2026-04-26 8:41:28,2026-04-26 8:41:28
acc00086,ev00110,Comodi IIDA Hirai,家附近的超市店,飲食,現金,JPY,-5772,瓜,0.2025,0,5,2026-04-26 8:41:52,2026-04-26 8:41:52
acc00087,ev00092,3COINSstation Shinjuku Station south exit shop,3coins免稅購物,購物,現金,JPY,-5686,瓜,0.2025,0,5,2026-04-26 8:42:19,2026-04-26 8:42:19
acc00088,ev00107,平井親和会 商店街振興組合,油扭蛋,雜項,現金,JPY,-900,瓜,0.2025,0,5,2026-04-26 8:43:21,2026-04-26 8:43:21
acc00089,ev00089,無印良品 LUMINE新宿店,油無印良品,購物,現金,JPY,-2850,瓜,0.2025,0,5,2026-04-26 8:43:53,2026-04-26 8:43:53
acc00104,ev00107,平井親和会 商店街振興組合,油的上班包包,購物,現金,JPY,-4290,瓜,0.2025,0,5,2026-04-26 8:44:14,2026-04-26 8:44:14
acc00113,,,儲值西瓜卡總金額,交通,刷卡,JPY,-5000,油,0.2025,0,1,2026-04-26 8:45:43,2026-04-26 8:45:43
acc00114,,,[回饋] (acc00113) 儲值西瓜卡總金額,雜項,系統回饋,TWD,15.1875,系統,1,0,1,2026-04-26 8:45:43,2026-04-26 8:45:43