split ID,account ID,行程名稱,記帳名稱,旅伴名稱,分攤金額,分攤幣別,台幣結算,insert date,update date
spl000001,acc00001,,回程長榮機票,油,-29960,JPY,-5992,2026-04-13 12:51:58,2026-04-13 12:51:58
spl000002,acc00001,,回程長榮機票,瓜,-29960,JPY,-5992,2026-04-13 12:51:58,2026-04-13 12:51:58
spl000004,acc00003,,去程樂桃機票,油,-4790,TWD,-4790,2026-04-13 12:53:02,2026-04-13 12:53:02
spl000005,acc00003,,去程樂桃機票,瓜,-4790,TWD,-4790,2026-04-13 12:53:02,2026-04-13 12:53:02
spl000006,acc00004,,富邦旅平險,油,-1094,TWD,-1094,2026-04-13 12:57:09,2026-04-13 12:57:09
spl000007,acc00004,,富邦旅平險,瓜,0,TWD,0,2026-04-13 12:57:09,2026-04-13 12:57:09
spl000012,acc00007,,平井家六天住宿費,油,-9028,TWD,-9028,2026-04-13 13:00:08,2026-04-13 13:00:08
spl000013,acc00007,,平井家六天住宿費,瓜,-9028,TWD,-9028,2026-04-13 13:00:08,2026-04-13 13:00:08
spl000014,acc00006,東京站丸之內北口2號,富士山六景一日遊,油,-1501.5,TWD,-1501.5,2026-04-13 14:11:49,2026-04-13 14:11:49
spl000015,acc00006,東京站丸之內北口2號,富士山六景一日遊,瓜,-1501.5,TWD,-1501.5,2026-04-13 14:11:49,2026-04-13 14:11:49
spl000016,acc00005,,威訊Esim吃到飽,油,-607,TWD,-607,2026-04-13 20:40:03,2026-04-13 20:40:03
spl000017,acc00005,,威訊Esim吃到飽,瓜,0,TWD,0,2026-04-13 20:40:03,2026-04-13 20:40:03
spl000018,acc00008,今天的主題是,Skyliner車票,油,-2310,JPY,-462,2026-04-15 7:38:58,2026-04-15 7:38:58
spl000019,acc00008,今天的主題是,Skyliner車票,瓜,-2310,JPY,-462,2026-04-15 7:38:58,2026-04-15 7:38:58
spl000020,acc00009,今天的主題是,[回饋] (acc00008) Skyliner車票,油,13.86,TWD,13.86,2026-04-15 7:38:58,2026-04-15 7:38:58
spl000021,acc00010,,礦泉水,油,-14,TWD,-14,2026-04-15 22:30:02,2026-04-15 22:30:02
spl000022,acc00010,,礦泉水,瓜,0,TWD,0,2026-04-15 22:30:02,2026-04-15 22:30:02
spl000026,acc00013,,富邦旅平保險,油,0,TWD,0,2026-04-15 22:41:30,2026-04-15 22:41:30
spl000027,acc00013,,富邦旅平保險,瓜,-1077,TWD,-1077,2026-04-15 22:41:30,2026-04-15 22:41:30
spl000030,acc00015,成田國際機場,櫻花卡儲值,油,0,JPY,0,2026-04-16 6:30:12,2026-04-16 6:30:12
spl000031,acc00015,成田國際機場,櫻花卡儲值,瓜,-3000,JPY,-600,2026-04-16 6:30:12,2026-04-16 6:30:12
spl000032,acc00016,成田國際機場,全家早餐（咖哩起司麵包+布丁）,油,0,JPY,0,2026-04-16 7:07:53,2026-04-16 7:07:53
spl000033,acc00016,成田國際機場,全家早餐（咖哩起司麵包+布丁）,瓜,-397,JPY,-79.4,2026-04-16 7:07:53,2026-04-16 7:07:53
spl000034,acc00014,,日本sim卡,油,0,TWD,0,2026-04-16 7:09:01,2026-04-16 7:09:01
spl000035,acc00014,,日本sim卡,瓜,-224,TWD,-224,2026-04-16 7:09:01,2026-04-16 7:09:01
spl000036,acc00017,Ueno Station,行李箱寄放置物櫃,油,-500,JPY,-100,2026-04-16 14:38:59,2026-04-16 14:38:59
spl000037,acc00017,Ueno Station,行李箱寄放置物櫃,瓜,-500,JPY,-100,2026-04-16 14:38:59,2026-04-16 14:38:59
spl000040,acc00019,,7-11晚餐加隔天早餐,油,-802,JPY,-162.405,2026-04-16 21:15:49,2026-04-16 21:15:49
spl000041,acc00019,,7-11晚餐加隔天早餐,瓜,-451,JPY,-91.3275,2026-04-16 21:15:49,2026-04-16 21:15:49
spl000042,acc00020,,[回饋] (acc00019) 7-11晚餐加隔天早餐,油,3.8059875,TWD,3.8059875,2026-04-16 21:15:49,2026-04-16 21:15:49
spl000043,acc00021,OS Drug 上野店藥妝店,OS藥妝血拼,油,-6144,JPY,-1228.8,2026-04-17 6:01:05,2026-04-17 6:01:05
spl000044,acc00021,OS Drug 上野店藥妝店,OS藥妝血拼,瓜,-13646,JPY,-2729.2,2026-04-17 6:01:05,2026-04-17 6:01:05
spl000048,acc00024,二木菓子 第一營業所,二木果子零食買爆,油,-2748,JPY,-549.6,2026-04-17 6:14:11,2026-04-17 6:14:11
spl000049,acc00024,二木菓子 第一營業所,二木果子零食買爆,瓜,-814,JPY,-162.8,2026-04-17 6:14:11,2026-04-17 6:14:11
spl000050,acc00025,二木菓子 第一營業所,[回饋] (acc00024) 二木果子零食買爆,油,10.686,TWD,10.686,2026-04-17 6:14:11,2026-04-17 6:14:11
spl000054,acc00028,,猩猩之握,油,-5478,JPY,-1095.6,2026-04-17 6:23:19,2026-04-17 6:23:19
spl000055,acc00028,,猩猩之握,瓜,0,JPY,0,2026-04-17 6:23:19,2026-04-17 6:23:19
spl000056,acc00029,,唐吉訶德誤被免稅束縛,油,-6379,JPY,-1275.8,2026-04-17 6:30:05,2026-04-17 6:30:05
spl000057,acc00029,,唐吉訶德誤被免稅束縛,瓜,-597,JPY,-119.4,2026-04-17 6:30:05,2026-04-17 6:30:05
spl000058,acc00030,,[回饋] (acc00029) 唐吉訶德誤被免稅束縛,油,20.928,TWD,20.928,2026-04-17 6:30:05,2026-04-17 6:30:05
spl000059,acc00031,UNIQLO 御徒町店,先買一點uniqulo,油,-11810,JPY,-2362,2026-04-17 6:31:06,2026-04-17 6:31:06
spl000060,acc00031,UNIQLO 御徒町店,先買一點uniqulo,瓜,0,JPY,0,2026-04-17 6:31:06,2026-04-17 6:31:06
spl000061,acc00032,UNIQLO 御徒町店,[回饋] (acc00031) 先買一點uniqulo,油,35.43,TWD,35.43,2026-04-17 6:31:06,2026-04-17 6:31:06
spl000064,acc00034,,扭蛋猩猩翹屁股,油,0,JPY,0,2026-04-17 10:21:29,2026-04-17 10:21:29
spl000065,acc00034,,扭蛋猩猩翹屁股,瓜,-400,JPY,-80,2026-04-17 10:21:29,2026-04-17 10:21:29
spl000097,acc00051,新倉山淺間公園,富士山扭蛋,油,-1000,JPY,-200,2026-04-18 14:50:40,2026-04-18 14:50:40
spl000098,acc00051,新倉山淺間公園,富士山扭蛋,瓜,0,JPY,0,2026-04-18 14:50:40,2026-04-18 14:50:40
spl000101,acc00043,忍野八海,艾草糰子,油,-75,JPY,-15,2026-04-18 14:51:46,2026-04-18 14:51:46
spl000102,acc00043,忍野八海,艾草糰子,瓜,-75,JPY,-15,2026-04-18 14:51:46,2026-04-18 14:51:46
spl000106,acc00048,羅森便利商店 富士河口湖町公所前店,富士山羅森午餐,油,0,JPY,0,2026-04-18 14:52:55,2026-04-18 14:52:55
spl000107,acc00048,羅森便利商店 富士河口湖町公所前店,富士山羅森午餐,瓜,-313,JPY,-62.6,2026-04-18 14:52:55,2026-04-18 14:52:55
spl000108,acc00049,羅森便利商店 富士河口湖町公所前店,富士山羅森泡澡浴,油,-600,JPY,-120,2026-04-18 14:53:22,2026-04-18 14:53:22
spl000109,acc00049,羅森便利商店 富士河口湖町公所前店,富士山羅森泡澡浴,瓜,0,JPY,0,2026-04-18 14:53:22,2026-04-18 14:53:22
spl000110,acc00050,新倉山淺間公園,草莓,油,-600,JPY,-120,2026-04-18 14:54:11,2026-04-18 14:54:11
spl000111,acc00050,新倉山淺間公園,草莓,瓜,0,JPY,0,2026-04-18 14:54:11,2026-04-18 14:54:11
spl000112,acc00036,淺草神社,淺草神社御守,油,0,JPY,0,2026-04-18 15:04:10,2026-04-18 15:04:10
spl000113,acc00036,淺草神社,淺草神社御守,瓜,-1600,JPY,-320,2026-04-18 15:04:10,2026-04-18 15:04:10
spl000114,acc00037,仲見世商店街,明信片part1,油,-400,JPY,-80,2026-04-18 15:04:34,2026-04-18 15:04:34
spl000115,acc00037,仲見世商店街,明信片part1,瓜,-400,JPY,-80,2026-04-18 15:04:34,2026-04-18 15:04:34
spl000116,acc00038,淺草寺,淺草寺御朱印帳+御朱印,油,-4000,JPY,-800,2026-04-18 15:04:56,2026-04-18 15:04:56
spl000117,acc00038,淺草寺,淺草寺御朱印帳+御朱印,瓜,0,JPY,0,2026-04-18 15:04:56,2026-04-18 15:04:56
spl000118,acc00039,淺草神社,淺草神社御朱印+御朱印帳,油,-2000,JPY,-400,2026-04-18 15:05:18,2026-04-18 15:05:18
spl000119,acc00039,淺草神社,淺草神社御朱印+御朱印帳,瓜,0,JPY,0,2026-04-18 15:05:18,2026-04-18 15:05:18
spl000122,acc00041,一蘭 淺草店,午餐一蘭拉麵,油,0,JPY,0,2026-04-18 15:06:12,2026-04-18 15:06:12
spl000123,acc00041,一蘭 淺草店,午餐一蘭拉麵,瓜,-1530,JPY,-306,2026-04-18 15:06:12,2026-04-18 15:06:12
spl000124,acc00046,淺草寺,淺草寺抽籤,油,-100,JPY,-20,2026-04-18 15:06:43,2026-04-18 15:06:43
spl000125,acc00046,淺草寺,淺草寺抽籤,瓜,-100,JPY,-20,2026-04-18 15:06:43,2026-04-18 15:06:43
spl000126,acc00047,淺草寺,淺草寺跟淺草神社拜拜丟錢幣,油,-25,JPY,-5,2026-04-18 15:07:26,2026-04-18 15:07:26
spl000127,acc00047,淺草寺,淺草寺跟淺草神社拜拜丟錢幣,瓜,-25,JPY,-5,2026-04-18 15:07:26,2026-04-18 15:07:26
spl000128,acc00033,鳴門鯛燒本舖 淺草新仲見世通店,鯛魚燒,油,-200,JPY,-40,2026-04-18 15:09:59,2026-04-18 15:09:59
spl000129,acc00033,鳴門鯛燒本舖 淺草新仲見世通店,鯛魚燒,瓜,-200,JPY,-40,2026-04-18 15:09:59,2026-04-18 15:09:59
spl000130,acc00053,Lawson Hirai Ekimae Shop,羅森超商,油,-972,JPY,-196.83,2026-04-18 21:20:46,2026-04-18 21:20:46
spl000131,acc00053,Lawson Hirai Ekimae Shop,羅森超商,瓜,-704,JPY,-142.56,2026-04-18 21:20:46,2026-04-18 21:20:46
spl000132,acc00054,Lawson Hirai Ekimae Shop,[回饋] (acc00053) 羅森超商,油,5.09085,TWD,5.09085,2026-04-18 21:20:46,2026-04-18 21:20:46
spl000133,acc00055,東京鐵塔,置物櫃寄放行李,油,-250,JPY,-50.625,2026-04-18 21:21:28,2026-04-18 21:21:28
spl000134,acc00055,東京鐵塔,置物櫃寄放行李,瓜,-250,JPY,-50.625,2026-04-18 21:21:28,2026-04-18 21:21:28
spl000138,acc00058,ワイズマート平井店,Y's mart晚餐,油,-1864,JPY,-377.46,2026-04-18 21:26:30,2026-04-18 21:26:30
spl000139,acc00058,ワイズマート平井店,Y's mart晚餐,瓜,-1346,JPY,-272.565,2026-04-18 21:26:30,2026-04-18 21:26:30
spl000140,acc00059,ワイズマート平井店,[回饋] (acc00058) Y's mart晚餐,油,9.750375,TWD,9.750375,2026-04-18 21:26:30,2026-04-18 21:26:30
spl000141,acc00060,淺草,淺草os drug第二波購物,油,-470,JPY,-95.175,2026-04-18 21:31:33,2026-04-18 21:31:33
spl000142,acc00060,淺草,淺草os drug第二波購物,瓜,-6050,JPY,-1225.125,2026-04-18 21:31:33,2026-04-18 21:31:33
spl000143,acc00061,,羅森泡麵,油,0,JPY,0,2026-04-18 21:33:04,2026-04-18 21:33:04
spl000144,acc00061,,羅森泡麵,瓜,-642,JPY,-130.005,2026-04-18 21:33:04,2026-04-18 21:33:04
spl000145,acc00062,黑毛和牛壽喜燒 日本橋一里,黑毛和牛壽喜燒晚餐,油,-1890,JPY,-382.725,2026-04-18 21:33:55,2026-04-18 21:33:55
spl000146,acc00062,黑毛和牛壽喜燒 日本橋一里,黑毛和牛壽喜燒晚餐,瓜,-1890,JPY,-382.725,2026-04-18 21:33:55,2026-04-18 21:33:55
spl000147,acc00063,仲見世商店街,明信片part 2,油,-300,JPY,-60.75,2026-04-18 21:37:02,2026-04-18 21:37:02
spl000148,acc00063,仲見世商店街,明信片part 2,瓜,-450,JPY,-91.125,2026-04-18 21:37:02,2026-04-18 21:37:02
spl000149,acc00035,,猩猩與狗狗大便,油,-1100,JPY,-222.75,2026-04-19 5:28:54,2026-04-19 5:28:54
spl000150,acc00035,,猩猩與狗狗大便,瓜,0,JPY,0,2026-04-19 5:28:54,2026-04-19 5:28:54
spl000151,acc00042,,醬油糰子,油,-50,JPY,-10.125,2026-04-19 5:29:22,2026-04-19 5:29:22
spl000152,acc00042,,醬油糰子,瓜,-50,JPY,-10.125,2026-04-19 5:29:22,2026-04-19 5:29:22
spl000153,acc00040,一蘭 淺草店,午餐一蘭拉麵,油,-1690,JPY,-342.225,2026-04-19 5:29:56,2026-04-19 5:29:56
spl000154,acc00040,一蘭 淺草店,午餐一蘭拉麵,瓜,0,JPY,0,2026-04-19 5:29:56,2026-04-19 5:29:56
spl000155,acc00056,Fashion Center Shimamura Asakusa ROX · 3G shop,淺草Honeys衣服,油,-4460,JPY,-903.15,2026-04-19 5:31:32,2026-04-19 5:31:32
spl000156,acc00056,Fashion Center Shimamura Asakusa ROX · 3G shop,淺草Honeys衣服,瓜,0,JPY,0,2026-04-19 5:31:32,2026-04-19 5:31:32
spl000157,acc00044,忍野八海,忍野八海印章,油,-200,JPY,-40.5,2026-04-19 5:32:42,2026-04-19 5:32:42
spl000158,acc00044,忍野八海,忍野八海印章,瓜,0,JPY,0,2026-04-19 5:32:42,2026-04-19 5:32:42
spl000159,acc00064,川越冰川神社,冰川神社抽籤拜拜御朱印御守,油,-2220,JPY,-449.55,2026-04-19 11:58:29,2026-04-19 11:58:29
spl000160,acc00064,川越冰川神社,冰川神社抽籤拜拜御朱印御守,瓜,-2020,JPY,-409.05,2026-04-19 11:58:29,2026-04-19 11:58:29
spl000163,acc00066,,油瘋狂扭蛋,油,-700,JPY,-141.75,2026-04-19 12:00:44,2026-04-19 12:00:44
spl000164,acc00066,,油瘋狂扭蛋,瓜,0,JPY,0,2026-04-19 12:00:44,2026-04-19 12:00:44
spl000165,acc00067,Chiikawa Mogumogu Hompo Kawagoe,油購買福袋（吉伊卡哇）,油,-6127,JPY,-1240.7175,2026-04-19 12:03:32,2026-04-19 12:03:32
spl000166,acc00067,Chiikawa Mogumogu Hompo Kawagoe,油購買福袋（吉伊卡哇）,瓜,0,JPY,0,2026-04-19 12:03:32,2026-04-19 12:03:32
spl000167,acc00068,鰻魚飯老店 小川菊,小川菊鰻魚飯好好吃！！！,油,-5350,JPY,-1083.375,2026-04-19 12:51:09,2026-04-19 12:51:09
spl000168,acc00068,鰻魚飯老店 小川菊,小川菊鰻魚飯好好吃！！！,瓜,-5350,JPY,-1083.375,2026-04-19 12:51:09,2026-04-19 12:51:09
spl000169,acc00069,銀時,巴菲,油,-1980,JPY,-400.95,2026-04-19 15:09:18,2026-04-19 15:09:18
spl000170,acc00069,銀時,巴菲,瓜,-1980,JPY,-400.95,2026-04-19 15:09:18,2026-04-19 15:09:18
spl000171,acc00070,川越 熊野神社,熊野神社,油,-1740,JPY,-352.35,2026-04-19 15:14:28,2026-04-19 15:14:28
spl000172,acc00070,川越 熊野神社,熊野神社,瓜,-40,JPY,-8.1,2026-04-19 15:14:28,2026-04-19 15:14:28
spl000173,acc00071,時之鐘,時之鐘.藥師神社,油,-20,JPY,-4.05,2026-04-19 15:59:56,2026-04-19 15:59:56
spl000174,acc00071,時之鐘,時之鐘.藥師神社,瓜,-20,JPY,-4.05,2026-04-19 15:59:56,2026-04-19 15:59:56
spl000175,acc00072,番薯甜點 菓匠右門,菓匠右門,油,-110,JPY,-22.275,2026-04-19 16:00:49,2026-04-19 16:00:49
spl000176,acc00072,番薯甜點 菓匠右門,菓匠右門,瓜,-110,JPY,-22.275,2026-04-19 16:00:49,2026-04-19 16:00:49
spl000177,acc00073,龜屋榮泉,龜屋榮泉,油,-2440,JPY,-494.1,2026-04-19 21:16:06,2026-04-19 21:16:06
spl000178,acc00073,龜屋榮泉,龜屋榮泉,瓜,-400,JPY,-81,2026-04-19 21:16:06,2026-04-19 21:16:06
spl000179,acc00074,Seria SEIYU Hirai Shop,Seria百元店,油,-1100,JPY,-222.75,2026-04-19 21:19:34,2026-04-19 21:19:34
spl000180,acc00074,Seria SEIYU Hirai Shop,Seria百元店,瓜,-660,JPY,-133.65,2026-04-19 21:19:34,2026-04-19 21:19:34
spl000181,acc00075,ワイズマート平井店,Y's mart 生魚片盛宴,油,-2464,JPY,-498.96,2026-04-19 21:30:01,2026-04-19 21:30:01
spl000182,acc00075,ワイズマート平井店,Y's mart 生魚片盛宴,瓜,-1871,JPY,-378.8775,2026-04-19 21:30:01,2026-04-19 21:30:01
spl000183,acc00076,,購買西瓜卡儲值,油,0,JPY,0,2026-04-20 7:01:47,2026-04-20 7:01:47
spl000184,acc00076,,購買西瓜卡儲值,瓜,-1000,JPY,-202.5,2026-04-20 7:01:47,2026-04-20 7:01:47
spl000227,acc00100,Fashion Center Shimamura Asakusa ROX · 3G shop,思夢樂荷包失血,油,-3670,JPY,-743.175,2026-04-22 10:30:48,2026-04-22 10:30:48
spl000228,acc00100,Fashion Center Shimamura Asakusa ROX · 3G shop,思夢樂荷包失血,瓜,-11490,JPY,-2326.725,2026-04-22 10:30:48,2026-04-22 10:30:48
spl000229,acc00101,Fashion Center Shimamura Asakusa ROX · 3G shop,[回饋] (acc00100) 思夢樂荷包失血,油,46.0485,TWD,46.0485,2026-04-22 10:30:48,2026-04-22 10:30:48
spl000230,acc00018,餃子的王將 平井站南口店,餃子王將午餐,油,-473,JPY,-95.7825,2026-04-22 17:22:21,2026-04-22 17:22:21
spl000231,acc00018,餃子的王將 平井站南口店,餃子王將午餐,瓜,-473,JPY,-95.7825,2026-04-22 17:22:21,2026-04-22 17:22:21
spl000232,acc00022,SEIYU Hirai,西友超市有夠多人,油,-1740,JPY,-352.35,2026-04-22 17:23:37,2026-04-22 17:23:37
spl000233,acc00022,SEIYU Hirai,西友超市有夠多人,瓜,-1093,JPY,-221.3325,2026-04-22 17:23:37,2026-04-22 17:23:37
spl000234,acc00102,SEIYU Hirai,[回饋] (acc00022) 西友超市有夠多人,油,5.736825,TWD,5.736825,2026-04-22 17:23:37,2026-04-22 17:23:37
spl000235,acc00026,ワイズマート平井店,Y’smart 超市,油,-1151,JPY,-233.0775,2026-04-22 17:24:08,2026-04-22 17:24:08
spl000236,acc00026,ワイズマート平井店,Y’smart 超市,瓜,-289,JPY,-58.5225,2026-04-22 17:24:08,2026-04-22 17:24:08
spl000237,acc00103,ワイズマート平井店,[回饋] (acc00026) Y’smart 超市,油,2.916,TWD,2.916,2026-04-22 17:24:08,2026-04-22 17:24:08
spl000240,acc00105,,櫻花卡儲值,油,0,JPY,0,2026-04-23 10:07:38,2026-04-23 10:07:38
spl000241,acc00105,,櫻花卡儲值,瓜,-1000,JPY,-202.5,2026-04-23 10:07:38,2026-04-23 10:07:38
spl000242,acc00106,忍野八海,忍野八海小章魚,油,-1000,JPY,-202.5,2026-04-23 14:07:20,2026-04-23 14:07:20
spl000243,acc00106,忍野八海,忍野八海小章魚,瓜,0,JPY,0,2026-04-23 14:07:20,2026-04-23 14:07:20
spl000244,acc00090,Tobu Hotel Levant Tokyo,Go 計程車,油,-1990,JPY,-402.975,2026-04-26 8:32:34,2026-04-26 8:32:34
spl000245,acc00090,Tobu Hotel Levant Tokyo,Go 計程車,瓜,-1990,JPY,-402.975,2026-04-26 8:32:34,2026-04-26 8:32:34
spl000246,acc00107,Tobu Hotel Levant Tokyo,[回饋] (acc00090) Go 計程車,油,12.08925,TWD,12.08925,2026-04-26 8:32:34,2026-04-26 8:32:34
spl000247,acc00108,東京國際機場(羽田機場),機場利木津巴士,油,-1200,JPY,-243,2026-04-26 8:33:29,2026-04-26 8:33:29
spl000248,acc00108,東京國際機場(羽田機場),機場利木津巴士,瓜,-1200,JPY,-243,2026-04-26 8:33:29,2026-04-26 8:33:29
spl000249,acc00109,東京國際機場(羽田機場),[回饋] (acc00108) 機場利木津巴士,油,7.29,TWD,7.29,2026-04-26 8:33:29,2026-04-26 8:33:29
spl000250,acc00092,Tobu Hotel Levant Tokyo,7-11早餐,油,-213,JPY,-43.1325,2026-04-26 8:34:15,2026-04-26 8:34:15
spl000251,acc00092,Tobu Hotel Levant Tokyo,7-11早餐,瓜,0,JPY,0,2026-04-26 8:34:15,2026-04-26 8:34:15
spl000252,acc00110,Tobu Hotel Levant Tokyo,[回饋] (acc00092) 7-11早餐,油,0.6469875,TWD,0.6469875,2026-04-26 8:34:15,2026-04-26 8:34:15
spl000253,acc00094,Tobu Hotel Levant Tokyo,7-11早餐,油,0,JPY,0,2026-04-26 8:35:04,2026-04-26 8:35:04
spl000254,acc00094,Tobu Hotel Levant Tokyo,7-11早餐,瓜,-138,JPY,-27.945,2026-04-26 8:35:04,2026-04-26 8:35:04
spl000255,acc00095,東京國際機場(羽田機場),機場書店集章冊（油）,油,-740,JPY,-149.85,2026-04-26 8:35:34,2026-04-26 8:35:34
spl000256,acc00095,東京國際機場(羽田機場),機場書店集章冊（油）,瓜,0,JPY,0,2026-04-26 8:35:34,2026-04-26 8:35:34
spl000257,acc00111,東京國際機場(羽田機場),[回饋] (acc00095) 機場書店集章冊（油）,油,2.24775,TWD,2.24775,2026-04-26 8:35:34,2026-04-26 8:35:34
spl000258,acc00097,東京國際機場(羽田機場),免稅店伴手禮,油,-907,JPY,-183.6675,2026-04-26 8:36:29,2026-04-26 8:36:29
spl000259,acc00097,東京國際機場(羽田機場),免稅店伴手禮,瓜,-907,JPY,-183.6675,2026-04-26 8:36:29,2026-04-26 8:36:29
spl000260,acc00112,東京國際機場(羽田機場),[回饋] (acc00097) 免稅店伴手禮,油,5.510025,TWD,5.510025,2026-04-26 8:36:29,2026-04-26 8:36:29
spl000261,acc00099,東京國際機場(羽田機場),機場販賣機飲料,油,0,JPY,0,2026-04-26 8:36:52,2026-04-26 8:36:52
spl000262,acc00099,東京國際機場(羽田機場),機場販賣機飲料,瓜,-800,JPY,-162,2026-04-26 8:36:52,2026-04-26 8:36:52
spl000263,acc00077,明治神宮,羅森早餐,油,-917,JPY,-185.6925,2026-04-26 8:37:44,2026-04-26 8:37:44
spl000264,acc00077,明治神宮,羅森早餐,瓜,-499,JPY,-101.0475,2026-04-26 8:37:44,2026-04-26 8:37:44
spl000265,acc00079,唐吉訶德 新宿東南口店,唐吉訶德猩猩之握,油,0,JPY,0,2026-04-26 8:38:14,2026-04-26 8:38:14
spl000266,acc00079,唐吉訶德 新宿東南口店,唐吉訶德猩猩之握,瓜,-12260,JPY,-2482.65,2026-04-26 8:38:14,2026-04-26 8:38:14
spl000267,acc00078,明治神宮,明治神宮,油,-2105,JPY,-426.2625,2026-04-26 8:38:39,2026-04-26 8:38:39
spl000268,acc00078,明治神宮,明治神宮,瓜,-2620,JPY,-530.55,2026-04-26 8:38:39,2026-04-26 8:38:39
spl000269,acc00080,OS Drug Shinjuku,Os drug最後購物,油,-2813,JPY,-569.6325,2026-04-26 8:39:02,2026-04-26 8:39:02
spl000270,acc00080,OS Drug Shinjuku,Os drug最後購物,瓜,-4896,JPY,-991.44,2026-04-26 8:39:02,2026-04-26 8:39:02
spl000271,acc00081,利久牛舌 LUMINE EST新宿店,利久牛舌午餐,油,-5401,JPY,-1093.7025,2026-04-26 8:39:27,2026-04-26 8:39:27
spl000272,acc00081,利久牛舌 LUMINE EST新宿店,利久牛舌午餐,瓜,-3399,JPY,-688.2975,2026-04-26 8:39:27,2026-04-26 8:39:27
spl000273,acc00082,世界堂 新宿本店,世界堂文具店,油,-2708,JPY,-548.37,2026-04-26 8:39:54,2026-04-26 8:39:54
spl000274,acc00082,世界堂 新宿本店,世界堂文具店,瓜,-330,JPY,-66.825,2026-04-26 8:39:54,2026-04-26 8:39:54
spl000275,acc00083,UNIQLO Shinjuku South-East Entrance Flags Store,Uniqlo 內衣,油,-7470,JPY,-1512.675,2026-04-26 8:40:28,2026-04-26 8:40:28
spl000276,acc00083,UNIQLO Shinjuku South-East Entrance Flags Store,Uniqlo 內衣,瓜,0,JPY,0,2026-04-26 8:40:28,2026-04-26 8:40:28
spl000277,acc00085,平井親和会 商店街振興組合,扭蛋,油,0,JPY,0,2026-04-26 8:41:03,2026-04-26 8:41:03
spl000278,acc00085,平井親和会 商店街振興組合,扭蛋,瓜,-500,JPY,-101.25,2026-04-26 8:41:03,2026-04-26 8:41:03
spl000279,acc00084,平井親和会 商店街振興組合,全家郵票,油,-220,JPY,-44.55,2026-04-26 8:41:28,2026-04-26 8:41:28
spl000280,acc00084,平井親和会 商店街振興組合,全家郵票,瓜,-220,JPY,-44.55,2026-04-26 8:41:28,2026-04-26 8:41:28
spl000281,acc00086,Comodi IIDA Hirai,家附近的超市店,油,-2663,JPY,-539.2575,2026-04-26 8:41:52,2026-04-26 8:41:52
spl000282,acc00086,Comodi IIDA Hirai,家附近的超市店,瓜,-3109,JPY,-629.5725,2026-04-26 8:41:52,2026-04-26 8:41:52
spl000283,acc00087,3COINSstation Shinjuku Station south exit shop,3coins免稅購物,油,-3376,JPY,-683.64,2026-04-26 8:42:19,2026-04-26 8:42:19
spl000284,acc00087,3COINSstation Shinjuku Station south exit shop,3coins免稅購物,瓜,-2310,JPY,-467.775,2026-04-26 8:42:19,2026-04-26 8:42:19
spl000285,acc00088,平井親和会 商店街振興組合,油扭蛋,油,-900,JPY,-182.25,2026-04-26 8:43:21,2026-04-26 8:43:21
spl000286,acc00088,平井親和会 商店街振興組合,油扭蛋,瓜,0,JPY,0,2026-04-26 8:43:21,2026-04-26 8:43:21
spl000287,acc00089,無印良品 LUMINE新宿店,油無印良品,油,-2850,JPY,-577.125,2026-04-26 8:43:53,2026-04-26 8:43:53
spl000288,acc00089,無印良品 LUMINE新宿店,油無印良品,瓜,0,JPY,0,2026-04-26 8:43:53,2026-04-26 8:43:53
spl000289,acc00104,平井親和会 商店街振興組合,油的上班包包,油,-4290,JPY,-868.725,2026-04-26 8:44:14,2026-04-26 8:44:14
spl000290,acc00104,平井親和会 商店街振興組合,油的上班包包,瓜,0,JPY,0,2026-04-26 8:44:14,2026-04-26 8:44:14
spl000291,acc00113,,儲值西瓜卡總金額,油,-5000,JPY,-1012.5,2026-04-26 8:45:43,2026-04-26 8:45:43
spl000292,acc00113,,儲值西瓜卡總金額,瓜,0,JPY,0,2026-04-26 8:45:43,2026-04-26 8:45:43
spl000293,acc00114,,[回饋] (acc00113) 儲值西瓜卡總金額,油,15.1875,TWD,15.1875,2026-04-26 8:45:43,2026-04-26 8:45:43